[
  {
    "model": "clients.client",
    "pk": 1,
    "fields": {
      "email": "petr.petrov@mail.com",
      "first_name": "Петр",
      "last_name": "Петров",
      "created_at": "2024-03-17T14:38:30.417Z",
      "updated_at": "2024-03-17T14:40:37.361Z"
    }
  },
  {
    "model": "clients.client",
    "pk": 2,
    "fields": {
      "email": "ivan.ivanov@gmail.com",
      "first_name": "Иван",
      "last_name": "Иванов",
      "created_at": "2024-03-17T14:40:53.896Z",
      "updated_at": "2024-03-17T14:40:53.896Z"
    }
  },
  {
    "model": "clients.client",
    "pk": 3,
    "fields": {
      "email": "nikolai.nikolaev@gmail.com",
      "first_name": "Николай",
      "last_name": "Николаев",
      "created_at": "2024-03-17T14:41:37.013Z",
      "updated_at": "2024-03-17T14:41:37.013Z"
    }
  },
  {
    "model": "clients.client",
    "pk": 10,
    "fields": {
      "email": "client1@mail.ru",
      "first_name": "aaa",
      "last_name": "aaa",
      "created_at": "2024-04-09T21:57:09.850Z",
      "updated_at": "2024-04-09T21:57:09.856Z"
    }
  },
  {
    "model": "clients.client",
    "pk": 18,
    "fields": {
      "email": "georgiewden@yandex.ru",
      "first_name": "Георгиев",
      "last_name": "Денис",
      "created_at": "2024-06-05T22:11:48.383Z",
      "updated_at": "2024-06-05T22:11:48.386Z"
    }
  },
  {
    "model": "clients.client",
    "pk": 20,
    "fields": {
      "email": "akaden2017@mail.ru",
      "first_name": "Георгиев",
      "last_name": "Денис",
      "created_at": "2024-06-05T22:41:43.546Z",
      "updated_at": "2024-06-05T22:41:43.550Z"
    }
  },
  {
    "model": "events.event",
    "pk": 1,
    "fields": {
      "name": "Фестиваль",
      "start_date": "2024-01-11",
      "end_date": "2024-01-14",
      "multiplier": 4.0,
      "created_at": "2023-10-22T15:38:56.544Z",
      "updated_at": "2023-10-22T15:55:40.763Z"
    }
  },
  {
    "model": "houses.house",
    "pk": 1,
    "fields": {
      "name": "Скандинавия",
      "description": "Эстетичный дизайн, удобная планировка и качество — все об этом домике. Выполнен в лучших традициях Скандинавского стиля — использование натурального дерева в наружной и внутренней отделке, минимум лишних деталей.",
      "base_price": 15000,
      "holidays_multiplier": 1.5,
      "base_persons_amount": 2,
      "max_persons_amount": 6,
      "price_per_extra_person": 2000,
      "created_at": "2023-10-19T14:06:52.375Z",
      "updated_at": "2024-06-07T18:36:29.106Z",
      "features": [
        1,
        5
      ]
    }
  },
  {
    "model": "houses.house",
    "pk": 2,
    "fields": {
      "name": "Нормандия",
      "description": "Подойдет для проживания всей семьей. Продумана каждая деталь: спальня, просторный зал, полноценная кухонная зона с обеденным столом, санузел и просторная терраса.",
      "base_price": 10000,
      "holidays_multiplier": 2.0,
      "base_persons_amount": 2,
      "max_persons_amount": 3,
      "price_per_extra_person": 2000,
      "created_at": "2023-10-25T13:28:46.011Z",
      "updated_at": "2024-06-07T20:48:36.856Z",
      "features": [
        1,
        2,
        3,
        4,
        5,
        6,
        7,
        8
      ]
    }
  },
  {
    "model": "houses.housepicture",
    "pk": 11,
    "fields": {
      "house": 2,
      "picture": "houses/pictures/2/1.png"
    }
  },
  {
    "model": "houses.housepicture",
    "pk": 12,
    "fields": {
      "house": 2,
      "picture": "houses/pictures/2/2.jpg"
    }
  },
  {
    "model": "houses.housepicture",
    "pk": 13,
    "fields": {
      "house": 2,
      "picture": "houses/pictures/2/3.jpg"
    }
  },
  {
    "model": "houses.housepicture",
    "pk": 14,
    "fields": {
      "house": 2,
      "picture": "houses/pictures/2/4.jpg"
    }
  },
  {
    "model": "houses.housepicture",
    "pk": 15,
    "fields": {
      "house": 2,
      "picture": "houses/pictures/2/5.jpg"
    }
  },
  {
    "model": "houses.housepicture",
    "pk": 16,
    "fields": {
      "house": 2,
      "picture": "houses/pictures/2/6.jpg"
    }
  },
  {
    "model": "houses.housepicture",
    "pk": 17,
    "fields": {
      "house": 2,
      "picture": "houses/pictures/2/7.jpg"
    }
  },
  {
    "model": "houses.housepicture",
    "pk": 18,
    "fields": {
      "house": 2,
      "picture": "houses/pictures/2/8.jpg"
    }
  },
  {
    "model": "houses.housepicture",
    "pk": 19,
    "fields": {
      "house": 1,
      "picture": "houses/pictures/1/1.png"
    }
  },
  {
    "model": "houses.housepicture",
    "pk": 20,
    "fields": {
      "house": 1,
      "picture": "houses/pictures/1/2.jpg"
    }
  },
  {
    "model": "houses.housepicture",
    "pk": 21,
    "fields": {
      "house": 1,
      "picture": "houses/pictures/1/3.jpg"
    }
  },
  {
    "model": "houses.housepicture",
    "pk": 22,
    "fields": {
      "house": 1,
      "picture": "houses/pictures/1/4.jpg"
    }
  },
  {
    "model": "houses.housepicture",
    "pk": 23,
    "fields": {
      "house": 1,
      "picture": "houses/pictures/1/5.jpg"
    }
  },
  {
    "model": "houses.housepicture",
    "pk": 24,
    "fields": {
      "house": 1,
      "picture": "houses/pictures/1/6.jpg"
    }
  },
  {
    "model": "houses.housepicture",
    "pk": 25,
    "fields": {
      "house": 1,
      "picture": "houses/pictures/1/7.jpg"
    }
  },
  {
    "model": "houses.housepicture",
    "pk": 26,
    "fields": {
      "house": 1,
      "picture": "houses/pictures/1/8.jpg"
    }
  },
  {
    "model": "houses.housefeature",
    "pk": 1,
    "fields": {
      "name": "Кондиционер",
      "picture": "house_features/pictures/Кондиционер.png"
    }
  },
  {
    "model": "houses.housefeature",
    "pk": 2,
    "fields": {
      "name": "Обогреватель",
      "picture": "house_features/pictures/Обогреватель.png"
    }
  },
  {
    "model": "houses.housefeature",
    "pk": 3,
    "fields": {
      "name": "Камин",
      "picture": "house_features/pictures/Камин.png"
    }
  },
  {
    "model": "houses.housefeature",
    "pk": 4,
    "fields": {
      "name": "Теплый пол",
      "picture": "house_features/pictures/Теплый_пол.png"
    }
  },
  {
    "model": "houses.housefeature",
    "pk": 5,
    "fields": {
      "name": "Холодильник",
      "picture": "house_features/pictures/Холодильник.png"
    }
  },
  {
    "model": "houses.housefeature",
    "pk": 6,
    "fields": {
      "name": "Wi-Fi",
      "picture": "house_features/pictures/Wi-Fi.png"
    }
  },
  {
    "model": "houses.housefeature",
    "pk": 7,
    "fields": {
      "name": "Чайник",
      "picture": "house_features/pictures/Чайник.png"
    }
  },
  {
    "model": "houses.housefeature",
    "pk": 8,
    "fields": {
      "name": "Парковка",
      "picture": "house_features/pictures/Парковка.png"
    }
  },
  {
    "model": "additional_services.additionalservice",
    "pk": 1,
    "fields": {
      "name": "Русская баня",
      "description": "Отдых в русской бане - это великолепное путешествие в мир, где встречаются вековые традиции и естественные методы оздоровления.\r\n\r\nЭто не просто место для процедур и расслабления, это истинное святилище, где каждый уголок наполнен атмосферой тепла, заботы и природной гармонии. В нашей русской бане вы ощутите, как древние традиции сливаются с современным комфортом.",
      "telegram_contact_link": "https://t.me/vlad_i_lena_h",
      "price_string": "5000 ₽/час",
      "created_at": "2024-06-29T12:52:02.199Z",
      "updated_at": "2024-06-29T12:52:02.199Z"
    }
  },
  {
    "model": "additional_services.additionalservice",
    "pk": 2,
    "fields": {
      "name": "Аренда сапбордов",
      "description": "Аренда сапов - это увлекательное приключение на свежем воздухе, приносящее радость и вдохновение. Взять в аренду сапы - значит погрузиться в мир водных просторов и природной гармонии.\r\n\r\nЭто не просто способ провести время, а возможность познакомиться с водными путешествиями в новом формате. Здесь каждый может почувствовать себя исследователем, преодолевая водные просторы на доске.",
      "telegram_contact_link": "https://t.me/vlad_i_lena_h",
      "price_string": "3000 ₽/час",
      "created_at": "2024-06-29T12:53:11.840Z",
      "updated_at": "2024-06-29T12:53:11.840Z"
    }
  },
  {
    "model": "additional_services.additionalservice",
    "pk": 3,
    "fields": {
      "name": "Аренда мангалов",
      "description": "Аренда мангалов - это возможность провести незабываемое время на природе в кругу семьи и друзей, наслаждаясь вкусом свежей пищи, ароматом дымка и теплом огня.\r\n\r\nЭто не просто аренда оборудования для приготовления барбекю, это создание атмосферы уюта и веселья на пикнике или празднике. Здесь каждый может почувствовать себя шеф-поваром и гриль-мастером, готовя вкусные блюда под открытым небом.",
      "telegram_contact_link": "https://t.me/vlad_i_lena_h",
      "price_string": "5000 ₽/день",
      "created_at": "2024-06-29T12:53:58.538Z",
      "updated_at": "2024-06-29T12:53:58.538Z"
    }
  },
  {
    "model": "additional_services.additionalservicepicture",
    "pk": 1,
    "fields": {
      "additional_service": 1,
      "picture": "additional_services/pictures/1/1.png"
    }
  },
  {
    "model": "additional_services.additionalservicepicture",
    "pk": 2,
    "fields": {
      "additional_service": 1,
      "picture": "additional_services/pictures/1/2.png"
    }
  },
  {
    "model": "additional_services.additionalservicepicture",
    "pk": 3,
    "fields": {
      "additional_service": 1,
      "picture": "additional_services/pictures/1/3.png"
    }
  },
  {
    "model": "additional_services.additionalservicepicture",
    "pk": 4,
    "fields": {
      "additional_service": 2,
      "picture": "additional_services/pictures/2/1.png"
    }
  },
  {
    "model": "additional_services.additionalservicepicture",
    "pk": 5,
    "fields": {
      "additional_service": 2,
      "picture": "additional_services/pictures/2/2.png"
    }
  },
  {
    "model": "additional_services.additionalservicepicture",
    "pk": 6,
    "fields": {
      "additional_service": 2,
      "picture": "additional_services/pictures/2/3.png"
    }
  },
  {
    "model": "additional_services.additionalservicepicture",
    "pk": 7,
    "fields": {
      "additional_service": 3,
      "picture": "additional_services/pictures/3/1.png"
    }
  },
  {
    "model": "additional_services.additionalservicepicture",
    "pk": 8,
    "fields": {
      "additional_service": 3,
      "picture": "additional_services/pictures/3/2.png"
    }
  },
  {
    "model": "additional_services.additionalservicepicture",
    "pk": 9,
    "fields": {
      "additional_service": 3,
      "picture": "additional_services/pictures/3/3.png"
    }
  }
]